﻿<?xml version="1.0" encoding="utf-8"?>
<root version="1.0">
  <info w="2048" h="2048" />
  <textures>
    <texture filename="frame000.png" x="2" y="2" w="198" h="130" offset_x="-155" offset_y="-59" />
    <texture filename="frame001.png" x="202" y="2" w="198" h="132" offset_x="-147" offset_y="-60" />
    <texture filename="frame002.png" x="402" y="2" w="198" h="132" offset_x="-139" offset_y="-60" />
    <texture filename="frame003.png" x="602" y="2" w="198" h="130" offset_x="-131" offset_y="-61" />
    <texture filename="frame004.png" x="802" y="2" w="200" h="132" offset_x="-124" offset_y="-62" />
    <texture filename="frame005.png" x="1004" y="2" w="200" h="130" offset_x="-116" offset_y="-61" />
    <texture filename="frame006.png" x="1206" y="2" w="200" h="132" offset_x="-108" offset_y="-62" />
    <texture filename="frame007.png" x="1408" y="2" w="198" h="130" offset_x="-101" offset_y="-63" />
    <texture filename="frame008.png" x="1608" y="2" w="198" h="130" offset_x="-93" offset_y="-63" />
    <texture filename="frame009.png" x="1808" y="2" w="198" h="130" offset_x="-85" offset_y="-63" />
    <texture filename="frame010.png" x="2" y="136" w="198" h="130" offset_x="-77" offset_y="-63" />
    <texture filename="frame011.png" x="202" y="136" w="198" h="130" offset_x="-73" offset_y="-63" />
    <texture filename="frame012.png" x="402" y="136" w="200" h="130" offset_x="-68" offset_y="-63" />
    <texture filename="frame013.png" x="604" y="136" w="198" h="130" offset_x="-63" offset_y="-63" />
    <texture filename="frame014.png" x="804" y="136" w="198" h="130" offset_x="-59" offset_y="-63" />
    <texture filename="frame015.png" x="1004" y="136" w="200" h="130" offset_x="-54" offset_y="-63" />
    <texture filename="frame016.png" x="1206" y="136" w="198" h="130" offset_x="-49" offset_y="-63" />
    <texture filename="frame017.png" x="1406" y="136" w="198" h="130" offset_x="-45" offset_y="-63" />
    <texture filename="frame018.png" x="1606" y="136" w="200" h="130" offset_x="-40" offset_y="-63" />
    <texture filename="frame019.png" x="1808" y="136" w="198" h="130" offset_x="-35" offset_y="-63" />
    <texture filename="frame020.png" x="2" y="268" w="198" h="130" offset_x="-31" offset_y="-63" />
    <texture filename="frame021.png" x="202" y="268" w="200" h="130" offset_x="-26" offset_y="-63" />
    <texture filename="frame022.png" x="404" y="268" w="198" h="130" offset_x="-21" offset_y="-63" />
    <texture filename="frame023.png" x="604" y="268" w="200" h="130" offset_x="-16" offset_y="-63" />
    <texture filename="frame024.png" x="806" y="268" w="200" h="130" offset_x="-12" offset_y="-63" />
    <texture filename="frame025.png" x="1008" y="268" w="198" h="130" offset_x="-7" offset_y="-63" />
    <texture filename="frame026.png" x="1208" y="268" w="200" h="130" offset_x="-2" offset_y="-63" />
    <texture filename="frame027.png" x="1410" y="268" w="200" h="130" offset_x="2" offset_y="-63" />
    <texture filename="frame028.png" x="1612" y="268" w="198" h="130" offset_x="7" offset_y="-63" />
    <texture filename="frame029.png" x="1812" y="268" w="200" h="130" offset_x="12" offset_y="-63" />
    <texture filename="frame030.png" x="2" y="400" w="200" h="130" offset_x="16" offset_y="-63" />
    <texture filename="frame031.png" x="204" y="400" w="198" h="130" offset_x="21" offset_y="-63" />
    <texture filename="frame032.png" x="404" y="400" w="200" h="130" offset_x="26" offset_y="-63" />
    <texture filename="frame033.png" x="606" y="400" w="200" h="130" offset_x="30" offset_y="-63" />
    <texture filename="frame034.png" x="808" y="400" w="198" h="130" offset_x="35" offset_y="-63" />
    <texture filename="frame035.png" x="1008" y="400" w="200" h="130" offset_x="40" offset_y="-63" />
    <texture filename="frame036.png" x="1210" y="400" w="198" h="130" offset_x="45" offset_y="-63" />
    <texture filename="frame037.png" x="1410" y="400" w="198" h="130" offset_x="49" offset_y="-63" />
    <texture filename="frame038.png" x="1610" y="400" w="200" h="130" offset_x="54" offset_y="-63" />
    <texture filename="frame039.png" x="1812" y="400" w="198" h="130" offset_x="59" offset_y="-63" />
    <texture filename="frame040.png" x="2" y="532" w="198" h="130" offset_x="63" offset_y="-63" />
    <texture filename="frame041.png" x="202" y="532" w="200" h="130" offset_x="68" offset_y="-63" />
    <texture filename="frame042.png" x="404" y="532" w="198" h="130" offset_x="73" offset_y="-63" />
    <texture filename="frame043.png" x="604" y="532" w="198" h="130" offset_x="77" offset_y="-63" />
    <texture filename="frame044.png" x="804" y="532" w="200" h="130" offset_x="82" offset_y="-63" />
    <texture filename="frame045.png" x="1006" y="532" w="198" h="130" offset_x="87" offset_y="-63" />
    <texture filename="frame046.png" x="1206" y="532" w="198" h="130" offset_x="91" offset_y="-63" />
    <texture filename="frame047.png" x="1406" y="532" w="200" h="132" offset_x="96" offset_y="-62" />
    <texture filename="frame048.png" x="1608" y="532" w="198" h="132" offset_x="101" offset_y="-62" />
    <texture filename="frame049.png" x="1808" y="532" w="200" h="132" offset_x="106" offset_y="-62" />
    <texture filename="frame050.png" x="2" y="666" w="200" h="132" offset_x="110" offset_y="-62" />
    <texture filename="frame051.png" x="204" y="666" w="198" h="132" offset_x="115" offset_y="-62" />
    <texture filename="frame052.png" x="404" y="666" w="200" h="132" offset_x="120" offset_y="-62" />
    <texture filename="frame053.png" x="606" y="666" w="200" h="130" offset_x="124" offset_y="-61" />
    <texture filename="frame054.png" x="808" y="666" w="198" h="132" offset_x="129" offset_y="-62" />
    <texture filename="frame055.png" x="1008" y="666" w="200" h="132" offset_x="134" offset_y="-62" />
    <texture filename="frame056.png" x="1210" y="666" w="200" h="132" offset_x="138" offset_y="-62" />
    <texture filename="frame057.png" x="1412" y="666" w="198" h="132" offset_x="143" offset_y="-62" />
    <texture filename="frame058.png" x="1612" y="666" w="200" h="132" offset_x="148" offset_y="-62" />
    <texture filename="frame059.png" x="1814" y="666" w="198" h="130" offset_x="153" offset_y="-61" />
    <texture filename="frame060.png" x="2" y="800" w="198" h="130" offset_x="153" offset_y="-61" />
  </textures>
</root>

